INSERT INTO library_user (user_id, user_name, address, phone) VALUES 
('1', 'Joao Silva', 'Rua das Flores. 10. Lisboa', '351 910000001'),
('2', 'Maria Santos', 'Av. da Liberdade. 123. Porto', '351 910000002'),
('3', 'Ana Fernandes', 'Rua do Mar. 2. Faro', '351 910000003'),
('4', 'Pedro Costa', 'Rua da Estrela. 77. Coimbra', '352 910000001'),
('5', 'Jose Cardoso', 'Av. de Roma. 8. Lisboa', '352 910000002'),
('6', 'Antonio Rocha', 'Rua do Sol. 12. Porto', '352 910000003'),
('7', 'Manuel Pereira', 'Praça da Republica. 1. Faro', '353 910000001'),
('8', 'Francisco Mendes', 'Av. da Boavista. 88. Coimbra', '353 910000002'),
('9', 'Carlos Almeida', 'Rua da Alegria. 22. Lisboa', '353 910000003'),
('10', 'Paulo Ferreira', 'Praça do Marques. 15. Porto', '354 910000001'),
('11', 'Rui Rodrigues', 'Rua do Castelo. 100. Faro', '354 910000002'),
('12', 'Luis Martins', 'Rua do Rio. 7. Coimbra', '354 910000003'),
('13', 'Jorge Oliveira', 'Av. da Republica. 55. Lisboa', '355 910000001'),
('14', 'Vitor Soares', 'Rua de Santa Catarina. 33. Porto', '355 910000002'),
('15', 'Nuno Gomes', 'Rua do Largo. 77. Faro', '355 910000003'),
('16', 'Miguel Teixeira', 'Rua do Padrao. 11. Coimbra', '356 910000001'),
('17', 'Rafael Guimaraes', 'Rua das Janelas Verdes. 44. Lisboa', '356 910000002'),
('18', 'Bruno Simoes', 'Av. da Foz. 22. Porto', '356 910000003'),
('19', 'Daniel Marques', 'Praca da Figueira. 33. Faro', '357 910000001'),
('20', 'Eduardo Goncalves', 'Rua do Carmo. 66. Coimbra', '357 910000002');

INSERT INTO author (author_id, author_name) VALUES 
('1', 'Ricardo Reis'),
('2', 'Beatriz Nunes'),
('3', 'Andre Vieira'),
('4', 'Sofia Pinto'),
('5', 'Vasco Alves'),
('6', 'Clara Rocha'),
('7', 'Filipe Castro'),
('8', 'Gabriela Soares'),
('9', 'Samuel Barros'),
('10', 'Adriana Mendes');


INSERT INTO category (category_id, category_name) VALUES 
('1', 'Ficcao'),
('2', 'Poesia'),
('3', 'Ciencia'),
('4', 'Historia'),
('5', 'Fantasia'),
('6', 'Autoajuda'),
('7', 'Biografia'),
('8', 'Romance'),
('9', 'Tecnologia'),
('10', 'Economia');


INSERT INTO book (isbn, title, author_id, category_id, publication_date) VALUES 
('1000000001', 'Jornada ao Oeste', '1', '1', '2020-01-01'),
('1000000002', 'Luzes do Futuro', '1', '2', '2020-06-01'),
('1000000003', 'A Mecanica do Cosmos', '1', '3', '2021-01-01'),
('1000000004', 'A Guerra Desconhecida', '1', '4', '2021-06-01'),
('1000000005', 'O Dragao e a Feiticeira', '1', '5', '2022-01-01'),
('1000000006', 'O Mar e o Espelho', '2', '1', '2020-02-01'),
('1000000007', 'Sonhos de Plastico', '2', '2', '2020-07-01'),
('1000000008', 'Os Segredos do Atomos', '2', '3', '2021-02-01'),
('1000000009', 'Os Cavaleiros do Oriente', '2', '4', '2021-07-01'),
('1000000010', 'A Princesa e o Unicornio', '2', '5', '2022-02-01'),
('1000000011', 'A Danca dos Sonhos', '3', '1', '2020-03-01'),
('1000000012', 'Noites de Verao', '3', '2', '2020-08-01'),
('1000000013', 'O Enigma da Energia Escura', '3', '3', '2021-03-01'),
('1000000014', 'A Batalha de Lisboa', '3', '4', '2021-08-01'),
('1000000015', 'A Coroa e a Espada', '3', '5', '2022-03-01'),
('1000000016', 'O Vale dos Sonhos', '4', '1', '2020-04-01'),
('1000000017', 'Versos ao Vento', '4', '2', '2020-09-01'),
('1000000018', 'A Teoria do Tudo', '4', '3', '2021-04-01'),
('1000000019', 'O Trono do Norte', '4', '4', '2021-09-01'),
('1000000020', 'O Mago e a Torre', '4', '5', '2022-04-01'),
('1000000021', 'Caminhos do Norte', '5', '1', '2020-05-01'),
('1000000022', 'Cancoes da Tarde', '5', '2', '2020-10-01'),
('1000000023', 'Os Misterios do Universo', '5', '3', '2021-05-01'),
('1000000024', 'A Conquista do Sul', '5', '4', '2021-10-01'),
('1000000025', 'A Princesa e o Dragao', '5', '5', '2022-05-01'),
('1000000026', 'O Castelo do Ceu', '6', '1', '2020-06-01'),
('1000000027', 'A Cancao do Mar', '6', '2', '2020-11-01'),
('1000000028', 'Os Segredos do Tempo', '6', '3', '2021-06-01'),
('1000000029', 'Os Dias do Imperio', '6', '4', '2021-11-01'),
('1000000030', 'O Castelo e a Torre', '6', '5', '2022-06-01'),
('1000000031', 'O Lago dos Sonhos', '7', '1', '2020-07-01'),
('1000000032', 'Vozes da Noite', '7', '2', '2020-12-01'),
('1000000033', 'O Universo em Uma Cascara de Noz', '7', '3', '2021-07-01'),
('1000000034', 'A Revolucao dos Cravos', '7', '4', '2021-12-01'),
('1000000035', 'A Rainha e a Rosa', '7', '5', '2022-07-01'),
('1000000036', 'Nas Asas do Vento', '8', '1', '2020-08-01'),
('1000000037', 'Palavras ao Luar', '8', '2', '2021-01-01'),
('1000000038', 'As Estrelas e a Luz', '8', '3', '2021-08-01'),
('1000000039', 'A Queda de Lisboa', '8', '4', '2022-01-01'),
('1000000040', 'O Principe e o Lobo', '8', '5', '2022-08-01'),
('1000000041', 'No Coracao do Mar', '9', '1', '2020-09-01'),
('1000000042', 'As Flores do Jardim', '9', '2', '2021-02-01'),
('1000000043', 'A Fisica do Impossivel', '9', '3', '2021-09-01'),
('1000000044', 'A Batalha de Aljubarrota', '9', '4', '2022-02-01'),
('1000000045', 'O Cavaleiro e a Rosa', '9', '5', '2022-09-01'),
('1000000046', 'Atraves do Espelho', '10', '1', '2020-10-01'),
('1000000047', 'Sussurros ao Amanhecer', '10', '2', '2021-03-01'),
('1000000048', 'A Origem das Especies', '10', '3', '2021-10-01'),
('1000000049', 'A Reconquista de Lisboa', '10', '4', '2022-03-01'),
('1000000050', 'O Cavaleiro e o Dragao', '10', '5', '2022-10-01');

INSERT INTO loan (loan_id, user_id, isbn, loan_date, return_date, status) 
VALUES 
(1, 1, 1000000001, '2020-02-01', '2020-02-15', 'returned'),
(2, 1, 1000000006, '2020-03-01', '2020-03-15', 'returned'),
(3, 1, 1000000011, '2020-04-01', '2020-04-15', 'returned'),
(4, 2, 1000000016, '2020-05-01', '2020-05-15', 'returned'),
(5, 2, 1000000021, '2020-06-01', '2020-06-15', 'returned'),
(6, 2, 1000000026, '2020-07-01', '2020-07-15', 'returned'),
(7, 3, 1000000031, '2020-08-01', '2020-08-15', 'returned'),
(8, 3, 1000000036, '2020-09-01', '2020-09-15', 'returned'),
(9, 3, 1000000041, '2020-10-01', '2020-10-15', 'returned'),
(10, 4, 1000000002, '2021-01-01', '2021-01-15', 'returned'),
(11, 4, 1000000007, '2021-02-01', '2021-02-15', 'returned'),
(12, 4, 1000000012, '2021-03-01', '2021-03-15', 'returned'),
(13, 5, 1000000017, '2021-04-01', '2021-04-15', 'returned'),
(14, 5, 1000000022, '2021-05-01', '2021-05-15', 'returned'),
(15, 5, 1000000027, '2021-06-01', NULL, 'not returned'),
(16, 6, 1000000032, '2021-07-01', '2021-07-15', 'returned'),
(17, 6, 1000000037, '2021-08-01', '2021-08-15', 'returned'),
(18, 6, 1000000042, '2021-09-01', '2021-09-15', 'returned'),
(19, 7, 1000000003, '2021-10-01', '2021-10-15', 'returned'),
(20, 7, 1000000008, '2021-11-01', '2021-11-15', 'returned'),
(21, 7, 1000000013, '2021-12-01', '2021-12-15', 'returned'),
(22, 8, 1000000018, '2022-01-01', NULL, 'not returned'),
(23, 8, 1000000023, '2022-02-01', '2022-02-15', 'returned'),
(24, 8, 1000000028, '2022-03-01', '2022-03-15', 'returned'),
(25, 9, 1000000033, '2022-04-01', '2022-04-15', 'returned'),
(26, 9, 1000000038, '2022-05-01', '2022-05-15', 'returned'),
(27, 9, 1000000043, '2022-06-01', '2022-06-15', 'returned'),
(28, 10, 1000000004, '2022-07-01', '2022-07-15', 'returned'),
(29, 10, 1000000009, '2022-08-01', '2022-08-15', 'returned'),
(30, 10, 1000000014, '2022-09-01', '2022-09-15', 'returned'),
(31, 11, 1000000019, '2022-10-01', '2022-10-15', 'returned'),
(32, 11, 1000000024, '2022-11-01', '2022-11-15', 'returned'),
(33, 11, 1000000029, '2022-12-01', '2022-12-15', 'returned'),
(34, 12, 1000000034, '2023-01-01', '2023-01-15', 'returned'),
(35, 12, 1000000039, '2023-02-01', '2023-02-15', 'returned'),
(36, 12, 1000000044, '2023-03-01', '2023-03-15', 'returned'),
(37, 13, 1000000005, '2023-04-01', '2023-04-15', 'returned'),
(38, 13, 1000000010, '2023-05-01', NULL, 'not returned'),
(39, 13, 1000000015, '2023-06-01', '2023-06-15', 'returned'),
(40, 14, 1000000020, '2023-07-01', '2023-07-15', 'returned'),
(41, 14, 1000000025, '2023-07-15', NULL, 'not returned'),
(42, 14, 1000000030, '2023-06-01', '2023-06-15', 'returned'),
(43, 15, 1000000035, '2023-07-01', '2023-07-15', 'returned'),
(44, 15, 1000000040, '2023-07-15', NULL, 'not returned'),
(45, 15, 1000000045, '2023-06-01', '2023-06-15', 'returned'),
(46, 16, 1000000001, '2023-07-01', '2023-07-15', 'returned'),
(47, 16, 1000000006, '2023-07-15', NULL, 'not returned'),
(48, 16, 1000000011, '2023-06-01', '2023-06-15', 'returned'),
(49, 17, 1000000016, '2023-07-01', '2023-07-15', 'returned'),
(50, 17, 1000000021, '2023-07-15', NULL, 'not returned'),
(51, 17, 1000000026, '2023-06-01', '2023-06-15', 'returned'),
(52, 18, 1000000031, '2023-07-01', '2023-07-15', 'returned'),
(53, 18, 1000000036, '2023-07-15', NULL, 'not returned'),
(54, 18, 1000000041, '2023-06-01', '2023-06-15', 'returned'),
(55, 19, 1000000046, '2023-07-01', '2023-07-15', 'returned'),
(56, 19, 1000000002, '2023-07-15', NULL, 'not returned'),
(57, 19, 1000000007, '2023-06-01', '2023-06-15', 'returned'),
(58, 20, 1000000012, '2023-07-01', '2023-07-15', 'returned'),
(59, 20, 1000000022, '2023-07-15', NULL, 'not returned'),
(60, 20, 1000000027, '2023-07-12', NULL, 'not returned'),
(61, 20, 1000000032, '2023-07-13', NULL, 'not returned');


INSERT INTO fine (fine_id, loan_id, fine_amount, issued_date, paid) VALUES 
('1', '48', '5.00', '2023-07-16', '0'),
('2', '49', '7.50', '2023-07-16', '0'),
('3', '50', '10.00', '2023-07-16', '0'),
('4', '51', '12.50', '2023-07-16', '0'),
('5', '52', '15.00', '2023-07-16', '0');